model_name,family,status,main_metric,main_score,accuracy,exact_match,num_success,num_errors,num_correct,mean_inference_time_s,attention,load_error,load_time_s
Qwen2.5-VL базовая,qwen,ok,accuracy,0.7992327365728901,0.7992327365728901,,3910,0,3125,0.24488320588240856,eager,,3.5608984000064083
Qwen2.5-VL + LoRA #1,qwen,ok,accuracy,0.7979539641943734,0.7979539641943734,,3910,0,3120,0.3216705704602869,eager,,4.757902500001364
Qwen2.5-VL + LoRA #2,qwen,ok,accuracy,0.8033248081841432,0.8033248081841432,,3910,0,3141,0.32385428562660834,eager,,4.183941600000253
Qwen2.5-VL + LoRA #3,qwen,ok,accuracy,0.8061381074168797,0.8061381074168797,,3910,0,3152,0.3367794167008111,eager,,4.512858599991887
SmolVLM базовая,smolvlm,ok,accuracy,0.3734015345268542,0.3734015345268542,,3910,0,1460,0.2822007633758399,eager,,6.467476200006786
SmolVLM + LoRA,smolvlm,ok,accuracy,0.36547314578005113,0.36547314578005113,,3910,0,1429,0.3384450015346216,eager,,2.3804380999936257
