model,exact_match,examples,bertscore_precision,bertscore_recall,bertscore_f1,dataset
Qwen2.5-VL + LoRA #2,0.565,1000,0.9135223,0.90868276,0.9108727,GQA-ru
Qwen2.5-VL + LoRA #3,0.551,1000,0.9113475,0.90643674,0.9086914,GQA-ru
Qwen2.5-VL + LoRA #1,0.513,1000,0.9023592,0.8984246,0.9001773,GQA-ru
Qwen2.5-VL базовая,0.321,1000,0.8126719,0.80421406,0.8081914,GQA-ru
SmolVLM + LoRA,0.295,1000,0.85415983,0.84878474,0.8512416,GQA-ru
SmolVLM базовая,0.212,1000,0.69134444,0.6705773,0.68050605,GQA-ru
