model,exact_match,examples,bertscore_precision,bertscore_recall,bertscore_f1,dataset
Qwen2.5-VL + LoRA #2,0.5372462344466273,12216,0.90897846,0.9044464,0.9065163,GQA-ru
Qwen2.5-VL + LoRA #3,0.535199738048461,12216,0.9078883,0.90353674,0.9055258,GQA-ru
Qwen2.5-VL + LoRA #1,0.5005730189914865,12216,0.9004749,0.896211,0.8981455,GQA-ru
Qwen2.5-VL базовая,0.3198264571054355,12216,0.81084555,0.80243194,0.80640143,GQA-ru
SmolVLM + LoRA,0.29183038637852,12216,0.85385424,0.8488085,0.851108,GQA-ru
SmolVLM базовая,0.20284872298624754,12216,0.6896551,0.66926825,0.6790322,GQA-ru
